<?xml version="1.0" encoding="UTF-8"?>
<project-private xmlns="http://www.netbeans.org/ns/project-private/1">
    <editor-bookmarks xmlns="http://www.netbeans.org/ns/editor-bookmarks/2" lastBookmarkId="0"/>
    <open-files xmlns="http://www.netbeans.org/ns/projectui-open-files/2">
        <group>
            <file>file:/C:/Users/Jagroop%20Singh%20Gill/Documents/NetBeansProjects/Kungfu/src/kungfu/studentdetailpanel.java</file>
            <file>file:/C:/Users/Jagroop%20Singh%20Gill/Documents/NetBeansProjects/Kungfu/src/kungfu/feepaymentpanel.java</file>
            <file>file:/C:/Users/Jagroop%20Singh%20Gill/Documents/NetBeansProjects/Kungfu/src/kungfu/attendancepanel.java</file>
            <file>file:/C:/Users/Jagroop%20Singh%20Gill/Documents/NetBeansProjects/Kungfu/src/kungfu/feedetailpanel.java</file>
            <file>file:/C:/Users/Jagroop%20Singh%20Gill/Documents/NetBeansProjects/Kungfu/src/kungfu/newstudentpanel.java</file>
            <file>file:/C:/Users/Jagroop%20Singh%20Gill/Documents/NetBeansProjects/Kungfu/src/kungfu/mainframe.java</file>
            <file>file:/C:/Users/Jagroop%20Singh%20Gill/Documents/NetBeansProjects/Kungfu/src/kungfu/attendancedetailpanel.java</file>
        </group>
    </open-files>
</project-private>
